steps,time,reward,delta,converged
1,0.0021610000000000795,0.6666666666666666,0.08333333333333331,False
2,0.0021940000000000293,0.6666666666666666,0,True
