steps,time,reward,delta,converged
1,0.01624400000000037,0.6666666666666666,0.08333333333333331,False
2,0.017037999999999442,0.6666666666666666,0,True
