steps,time,reward,delta,converged
1,0.04702999999999946,1.3242873227905905,0.11020962797013001,False
2,0.061510999999995875,1.954757460592838,3.2840480678652173e-06,False
3,0.06189900000000392,1.9547682591753615,3.2842999173142277e-06,False
4,0.06402999999999537,1.9547683026461704,3.2842999173142277e-06,False
5,0.06077299999999752,1.9547683028319267,3.2842999173142277e-06,False
6,0.05764799999999326,1.9547683028412632,3.2842999173142277e-06,True
