steps,time,reward,delta,converged
1,0.0007880000000000109,0.6666666666666666,0.3333333333333333,False
2,0.0007710000000002992,0.6666666666666666,0,True
