steps,time,reward,delta,converged
1,0.00504399999999805,0.6666666666666666,0.3333333333333333,False
2,0.005003999999999564,0.7237037037037037,0.02222222222222222,False
3,0.004861999999988598,0.7284008230452674,0.0011111111111111111,False
4,0.004885999999999058,0.7287160905349794,5.59670781893006e-05,False
5,0.0049910000000039645,0.7287386847360666,3.29218106995886e-06,True
