steps,time,reward,delta,converged
1,0.005044999999995525,0.6666666666666666,0.3333333333333333,False
2,0.005244000000004689,0.6666666666666666,0,True
